timestamp,project_name,run_id,experiment_id,duration,emissions,emissions_rate,cpu_power,gpu_power,ram_power,cpu_energy,gpu_energy,ram_energy,energy_consumed,water_consumed,country_name,country_iso_code,region,cloud_provider,cloud_region,os,python_version,codecarbon_version,cpu_count,cpu_model,gpu_count,gpu_model,longitude,latitude,ram_total_size,tracking_mode,cpu_utilization_percent,gpu_utilization_percent,ram_utilization_percent,ram_used_gb,on_cloud,pue,wue
2026-06-30T17:40:27,opener-e_ner,36ec0b0d-62ab-4087-ba6e-babff3f69afe,5b0fa12a-3dd7-45bb-9766-cc326314d9f1,13.086819600022864,1.1476012391346865e-05,8.769137760045852e-07,3.3266758631942537,45.35544618344922,8.0,1.1983175491343976e-05,0.0001639470756019,2.8855922666843984e-05,0.0002047861737601,0.0,France,FRA,,,,Windows-10-10.0.26200-SP0,3.10.0,3.2.6,16,AMD Ryzen 9 4900HS with Radeon Graphics,1,1 x NVIDIA GeForce GTX 1660 Ti with Max-Q Design,,,15.41950225830078,process,4.758333333333334,73.83333333333333,93.43333333333334,14.407729148864746,N,1.0,0.0
2026-07-02T14:38:36,opener-e_ner,b4ef3948-0c5d-4059-bbeb-970c06b23355,5b0fa12a-3dd7-45bb-9766-cc326314d9f1,79.81928560000006,8.056832432388976e-05,1.0093841822594526e-06,3.0279337217781728,53.63477407269362,8.0,6.685619981865996e-05,0.001194228455382,0.0001766341535555,0.0014377188087562,0.0,France,FRA,,,,Windows-10-10.0.26200-SP0,3.10.0,3.2.6,16,AMD Ryzen 9 4900HS with Radeon Graphics,1,1 x NVIDIA GeForce GTX 1660 Ti with Max-Q Design,,,15.41950225830078,process,1.2658227848101269,65.68354430379746,67.42911392405065,10.396655843227723,N,1.0,0.0
2026-07-02T14:40:32,opener-lener_br,ebcb11cf-23bd-4a04-a63e-068a7e0de718,5b0fa12a-3dd7-45bb-9766-cc326314d9f1,111.55640989999984,0.0001104353879311,9.89951075246819e-07,3.1808860751304846,52.12976208014283,8.0,9.824302906553896e-05,0.0016255771337939,0.0002468678924444,0.0019706880553039,0.0,France,FRA,,,,Windows-10-10.0.26200-SP0,3.10.0,3.2.6,16,AMD Ryzen 9 4900HS with Radeon Graphics,1,1 x NVIDIA GeForce GTX 1660 Ti with Max-Q Design,,,15.41950225830078,process,1.870909090909091,78.5,71.11272727272727,10.96508296619762,N,1.0,0.0
2026-07-02T14:42:18,opener-german_ler_coarse,e5c4bbc7-10a2-4216-a937-0e59c3352fee,5b0fa12a-3dd7-45bb-9766-cc326314d9f1,101.54965579999998,0.0001002087010029,9.86795082794647e-07,2.833132368230896,52.28850763980336,8.0,7.946615918825119e-05,0.001484155909546,0.00022457367,0.0017881957387342,0.0,France,FRA,,,,Windows-10-10.0.26200-SP0,3.10.0,3.2.6,16,AMD Ryzen 9 4900HS with Radeon Graphics,1,1 x NVIDIA GeForce GTX 1660 Ti with Max-Q Design,,,15.41950225830078,process,2.9640000000000004,74.09,72.23700000000001,11.13907169342041,N,1.0,0.0
2026-07-02T14:44:11,opener-german_ler,ad039e31-82ec-4c44-9237-0e7bbdbe8b28,5b0fa12a-3dd7-45bb-9766-cc326314d9f1,108.96369460000004,0.0001031557487179,9.46698339264683e-07,3.056082719505824,49.236192235973256,8.0,9.228523286304382e-05,0.001507440650396,0.0002410590828888,0.0018407849661479,0.0,France,FRA,,,,Windows-10-10.0.26200-SP0,3.10.0,3.2.6,16,AMD Ryzen 9 4900HS with Radeon Graphics,1,1 x NVIDIA GeForce GTX 1660 Ti with Max-Q Design,,,15.41950225830078,process,4.410280373831775,71.19626168224299,73.27570093457946,11.298657818375348,N,1.0,0.0
2026-07-02T14:47:56,opener-e2e-e_ner,9e9f0bc6-b543-4a2d-8e24-8597d8334939,5b0fa12a-3dd7-45bb-9766-cc326314d9f1,108.79685710000012,0.000105184743984,9.667994718572485e-07,2.846943265313928,51.385951958724014,8.0,8.560160976499559e-05,0.001550699573892,0.0002406906253333,0.0018769918089903,0.0,France,FRA,,,,Windows-10-10.0.26200-SP0,3.10.0,3.2.6,16,AMD Ryzen 9 4900HS with Radeon Graphics,1,1 x NVIDIA GeForce GTX 1660 Ti with Max-Q Design,,,15.41950225830078,process,1.8691588785046729,73.0,70.48691588785046,10.868625106098497,N,1.0,0.0
2026-07-02T14:51:41,opener-e2e-lener_br,21b025f8-29ae-49a3-bb2f-c12a406d8bda,5b0fa12a-3dd7-45bb-9766-cc326314d9f1,120.2708747000006,0.0001173180762767,9.75448765707703e-07,2.9326261462975265,51.7854753536874,8.0,9.75319260895456e-05,0.00173005416182,0.0002659215813333,0.0020935076692428,0.0,France,FRA,,,,Windows-10-10.0.26200-SP0,3.10.0,3.2.6,16,AMD Ryzen 9 4900HS with Radeon Graphics,1,1 x NVIDIA GeForce GTX 1660 Ti with Max-Q Design,,,15.41950225830078,process,3.1483050847457625,85.92372881355932,69.63898305084741,10.737571716308594,N,1.0,0.0
2026-07-02T14:55:11,opener-e2e-german_ler_coarse,99aa2d2c-af12-4d9c-9c26-9e1be12df7e4,5b0fa12a-3dd7-45bb-9766-cc326314d9f1,127.56015089999984,0.0001207807052943,9.468529508797958e-07,2.809127590748542,50.13721234105887,8.0,9.901000718082122e-05,0.001774342252806,0.0002819450382222,0.002155297298209,0.0,France,FRA,,,,Windows-10-10.0.26200-SP0,3.10.0,3.2.6,16,AMD Ryzen 9 4900HS with Radeon Graphics,1,1 x NVIDIA GeForce GTX 1660 Ti with Max-Q Design,,,15.41950225830078,process,4.26984126984127,75.46031746031746,69.8920634920635,10.777223617311508,N,1.0,0.0
2026-07-02T14:56:06,opener-zs-e_ner,9a86d1f3-820c-4630-ae9a-be7ddea7d30e,5b0fa12a-3dd7-45bb-9766-cc326314d9f1,30.903778500000044,2.8744578222930644e-05,9.301315120068766e-07,2.4871203595606777,49.30816851427101,8.0,2.116448586030525e-05,0.000423514505478,6.825982311110743e-05,0.0005129388144494,0.0,France,FRA,,,,Windows-10-10.0.26200-SP0,3.10.0,3.2.6,16,AMD Ryzen 9 4900HS with Radeon Graphics,1,1 x NVIDIA GeForce GTX 1660 Ti with Max-Q Design,,,15.41950225830078,process,6.0,57.833333333333336,68.52,10.566171010335289,N,1.0,0.0
2026-07-02T14:56:38,opener-zs-lener_br,54f6d798-d120-4f80-9471-ac1a1d844d86,5b0fa12a-3dd7-45bb-9766-cc326314d9f1,30.106706499999746,2.8759865595981787e-05,9.55264422429668e-07,2.9749353820188578,50.49375188948807,8.0,2.4756702209897853e-05,0.0004218797819479,6.657512911110744e-05,0.000513211613269,0.0,France,FRA,,,,Windows-10-10.0.26200-SP0,3.10.0,3.2.6,16,AMD Ryzen 9 4900HS with Radeon Graphics,1,1 x NVIDIA GeForce GTX 1660 Ti with Max-Q Design,,,15.41950225830078,process,1.7241379310344829,76.0,69.92413793103448,10.782091074976428,N,1.0,0.0
2026-07-02T14:57:18,opener-zs-german_ler_coarse,7b6e923d-7a14-4794-a97e-990c68470c8b,5b0fa12a-3dd7-45bb-9766-cc326314d9f1,37.75158240000019,3.5149149713238414e-05,9.310642754206308e-07,2.723739923399494,49.19700491073018,8.0,2.8440698524603027e-05,0.000515330134486,8.345573622222421e-05,0.0006272265692328,0.0,France,FRA,,,,Windows-10-10.0.26200-SP0,3.10.0,3.2.6,16,AMD Ryzen 9 4900HS with Radeon Graphics,1,1 x NVIDIA GeForce GTX 1660 Ti with Max-Q Design,,,15.41950225830078,process,0.0,68.91891891891892,69.09459459459458,10.653646520666172,N,1.0,0.0
2026-07-02T14:57:58,opener-zs-german_ler,e0e3d44b-db0f-4239-9118-5a0f0786ae41,5b0fa12a-3dd7-45bb-9766-cc326314d9f1,38.29851689999941,3.55435959326367e-05,9.280671631604944e-07,2.6824864470458207,49.313756701809226,8.0,2.827876598269436e-05,0.000521331528176,8.465505555555258e-05,0.0006342653497142,0.0,France,FRA,,,,Windows-10-10.0.26200-SP0,3.10.0,3.2.6,16,AMD Ryzen 9 4900HS with Radeon Graphics,1,1 x NVIDIA GeForce GTX 1660 Ti with Max-Q Design,,,15.41950225830078,process,5.054054054054054,69.67567567567568,70.34864864864862,10.847280656969224,N,1.0,0.0
2026-07-02T15:00:41,opener-zs-fusion-e_ner,1c06e9f6-166e-436e-8db8-b7847f7e7cea,5b0fa12a-3dd7-45bb-9766-cc326314d9f1,112.56920289999924,0.0001051200251515,9.338257928766008e-07,2.853356366372352,49.264852864041856,8.0,8.882449073453657e-05,0.001538064563784,0.0002489478653333,0.0018758369198518,0.0,France,FRA,,,,Windows-10-10.0.26200-SP0,3.10.0,3.2.6,16,AMD Ryzen 9 4900HS with Radeon Graphics,1,1 x NVIDIA GeForce GTX 1660 Ti with Max-Q Design,,,15.41950225830078,process,3.033333333333333,72.009009009009,71.22162162162165,10.982314822910068,N,1.0,0.0
2026-07-02T15:02:49,opener-zs-fusion-lener_br,78d92928-173b-43f1-aec7-e09f40d0e0df,5b0fa12a-3dd7-45bb-9766-cc326314d9f1,123.2340151999997,0.0001194064841302,9.689409530028028e-07,2.878285203489489,51.42829164448292,8.0,9.796723414619656e-05,0.0017605330750919,0.0002722744035555,0.0021307747127937,0.0,France,FRA,,,,Windows-10-10.0.26200-SP0,3.10.0,3.2.6,16,AMD Ryzen 9 4900HS with Radeon Graphics,1,1 x NVIDIA GeForce GTX 1660 Ti with Max-Q Design,,,15.41950225830078,process,2.9942148760330585,85.36363636363636,71.0289256198347,10.952504654561192,N,1.0,0.0
2026-07-02T15:04:57,opener-zs-fusion-german_ler_coarse,8989f92d-82fd-4366-92e8-9a1aa3a89de7,5b0fa12a-3dd7-45bb-9766-cc326314d9f1,123.7310951999998,0.0001183827539569,9.56774477471318e-07,2.810051131528966,50.7371780744717,8.0,9.602510921209925e-05,0.001742913616552,0.0002735678135555,0.0021125065393196,0.0,France,FRA,,,,Windows-10-10.0.26200-SP0,3.10.0,3.2.6,16,AMD Ryzen 9 4900HS with Radeon Graphics,1,1 x NVIDIA GeForce GTX 1660 Ti with Max-Q Design,,,15.41950225830078,process,4.8754098360655735,79.43442622950819,70.0098360655738,10.796051682018843,N,1.0,0.0
2026-07-02T15:20:52,gliner-e_ner,6e827cd1-caeb-4382-b0d5-bd804eb65253,5b0fa12a-3dd7-45bb-9766-cc326314d9f1,2.185681699999805,1.8192826745077123e-06,8.32363959723813e-07,3.476321275589452,61.84695872223368,8.0,2.3611306704176065e-06,2.5299186905999995e-05,4.804263777777022e-06,3.246458135419462e-05,0.0,France,FRA,,,,Windows-10-10.0.26200-SP0,3.10.0,3.2.6,16,AMD Ryzen 9 4900HS with Radeon Graphics,1,1 x NVIDIA GeForce GTX 1660 Ti with Max-Q Design,,,15.41950225830078,process,0.0,13.0,58.4,8.998165130615234,N,1.0,0.0
2026-07-02T15:22:09,gliner-e_ner,a5381b35-229e-406e-9402-6719f7f5f6f4,5b0fa12a-3dd7-45bb-9766-cc326314d9f1,20.90897120000045,2.1332973147181333e-05,1.0202784700942566e-06,2.971151921735904,54.553849398480686,8.0,1.7326066398107447e-05,0.000317063586984,4.6291178666668e-05,0.0003806808320487,0.0,France,FRA,,,,Windows-10-10.0.26200-SP0,3.10.0,3.2.6,16,AMD Ryzen 9 4900HS with Radeon Graphics,1,1 x NVIDIA GeForce GTX 1660 Ti with Max-Q Design,,,15.41950225830078,process,0.0,43.0,54.80500000000001,8.45112247467041,N,1.0,0.0
2026-07-02T15:22:28,gliner-lener_br,39ec0ad8-9aca-4b14-b22f-0dd17b4a963d,5b0fa12a-3dd7-45bb-9766-cc326314d9f1,17.254029400000036,1.7623198691258833e-05,1.0213961204481776e-06,2.651740039288781,55.03431873676287,8.0,1.2619067715298128e-05,0.0002636777109419,3.818418444444938e-05,0.0003144809631017,0.0,France,FRA,,,,Windows-10-10.0.26200-SP0,3.10.0,3.2.6,16,AMD Ryzen 9 4900HS with Radeon Graphics,1,1 x NVIDIA GeForce GTX 1660 Ti with Max-Q Design,,,15.41950225830078,process,0.0,54.70588235294117,54.976470588235294,8.475626104018268,N,1.0,0.0
2026-07-02T15:22:55,gliner-german_ler_coarse,6687c8b5-18d2-408b-ba47-3d1a1598ee74,5b0fa12a-3dd7-45bb-9766-cc326314d9f1,24.77760750000016,2.5535522038915025e-05,1.030588689360539e-06,2.570991055663899,55.5785330446217,8.0,1.7515517627624385e-05,0.0003833178066539,5.48407962222215e-05,0.0004556741205038,0.0,France,FRA,,,,Windows-10-10.0.26200-SP0,3.10.0,3.2.6,16,AMD Ryzen 9 4900HS with Radeon Graphics,1,1 x NVIDIA GeForce GTX 1660 Ti with Max-Q Design,,,15.41950225830078,process,0.0,50.583333333333336,53.31250000000002,8.223674297332764,N,1.0,0.0
2026-07-02T15:24:42,gliner-e_ner,81ffeb05-0607-4005-993a-52c44f6213ab,5b0fa12a-3dd7-45bb-9766-cc326314d9f1,34.598375900000065,3.54560726133277e-05,1.02479008597995e-06,2.716605122784603,55.27387121917226,8.0,2.6295023343491e-05,0.0005298490349899,7.655946266666434e-05,0.0006327035210001,0.0,France,FRA,,,,Windows-10-10.0.26200-SP0,3.10.0,3.2.6,16,AMD Ryzen 9 4900HS with Radeon Graphics,1,1 x NVIDIA GeForce GTX 1660 Ti with Max-Q Design,,,15.41950225830078,process,1.4705882352941178,47.3235294117647,60.21764705882354,9.286550521850586,N,1.0,0.0
2026-07-02T15:25:11,gliner-lener_br,76bd4fd6-f8f8-4733-a581-6b323fd8b5ef,5b0fa12a-3dd7-45bb-9766-cc326314d9f1,26.61690500000077,2.6949852753390148e-05,1.0125088831097894e-06,2.791631573187888,54.36299825477367,8.0,2.044816329033778e-05,0.0004015589323579,5.890535377777875e-05,0.0004809124494261,0.0,France,FRA,,,,Windows-10-10.0.26200-SP0,3.10.0,3.2.6,16,AMD Ryzen 9 4900HS with Radeon Graphics,1,1 x NVIDIA GeForce GTX 1660 Ti with Max-Q Design,,,15.41950225830078,process,0.0,66.46153846153847,59.45384615384617,9.167967576246996,N,1.0,0.0
2026-07-02T15:25:54,gliner-german_ler_coarse,ce855a46-c205-4ca6-a474-e4711288a69f,5b0fa12a-3dd7-45bb-9766-cc326314d9f1,41.10115450000012,4.175819305032457e-05,1.0159858903799027e-06,2.8130577420749185,54.44131125113024,8.0,3.200173438788302e-05,0.0006221763310739,9.098500044444236e-05,0.0007451630659063,0.0,France,FRA,,,,Windows-10-10.0.26200-SP0,3.10.0,3.2.6,16,AMD Ryzen 9 4900HS with Radeon Graphics,1,1 x NVIDIA GeForce GTX 1660 Ti with Max-Q Design,,,15.41950225830078,process,1.6149999999999998,58.95,59.22500000000001,9.131970119476318,N,1.0,0.0
2026-07-02T15:27:26,gliner-e_ner,29e4f18c-a546-428d-a787-e781b9ba6d78,5b0fa12a-3dd7-45bb-9766-cc326314d9f1,65.31805970000005,6.538452176773948e-05,1.0010175144216577e-06,2.8543107333043336,53.55750607067024,8.0,5.1527514972407656e-05,0.00097078966552,0.0001444509946666,0.001166768175159,0.0,France,FRA,,,,Windows-10-10.0.26200-SP0,3.10.0,3.2.6,16,AMD Ryzen 9 4900HS with Radeon Graphics,1,1 x NVIDIA GeForce GTX 1660 Ti with Max-Q Design,,,15.41950225830078,process,0.0,76.53125,56.796875,8.75748461484909,N,1.0,0.0
2026-07-02T15:28:33,gliner-lener_br,e99e02f1-1bfe-4266-9130-794c4702670d,5b0fa12a-3dd7-45bb-9766-cc326314d9f1,63.78891980000026,6.365589075554734e-05,9.979145430762896e-07,2.8161776524545914,53.38250308829805,8.0,4.9677939706352526e-05,0.0009451154783139,0.0001411278288888,0.0011359212469092,0.0,France,FRA,,,,Windows-10-10.0.26200-SP0,3.10.0,3.2.6,16,AMD Ryzen 9 4900HS with Radeon Graphics,1,1 x NVIDIA GeForce GTX 1660 Ti with Max-Q Design,,,15.41950225830078,process,0.432258064516129,89.14516129032258,57.325806451612856,8.839100806943831,N,1.0,0.0
2026-07-02T15:30:03,gliner-german_ler_coarse,6a791324-63bf-468a-b3ba-02993afb7bff,5b0fa12a-3dd7-45bb-9766-cc326314d9f1,88.38709590000053,8.790280358307467e-05,9.94520780301756e-07,2.811845684565472,53.16820686532537,8.0,6.874803706449973e-05,0.0013042635434099,0.0001955889224444,0.0015686005029189,0.0,France,FRA,,,,Windows-10-10.0.26200-SP0,3.10.0,3.2.6,16,AMD Ryzen 9 4900HS with Radeon Graphics,1,1 x NVIDIA GeForce GTX 1660 Ti with Max-Q Design,,,15.41950225830078,process,1.6770114942528735,88.24137931034483,55.44712643678166,8.550584771167273,N,1.0,0.0
2026-07-02T15:48:13,gner-e_ner,cac93d25-9898-452f-b84b-cec9a94228cc,5b0fa12a-3dd7-45bb-9766-cc326314d9f1,288.0947463000002,0.0001765073392907,6.12671149188473e-07,2.8528131988127607,28.556298316841247,8.0,0.0002274509874645,0.00228460043879,0.0006376717895555,0.0031497232158101,0.0,France,FRA,,,,Windows-10-10.0.26200-SP0,3.10.0,3.2.6,16,AMD Ryzen 9 4900HS with Radeon Graphics,1,1 x NVIDIA GeForce GTX 1660 Ti with Max-Q Design,,,15.41950225830078,process,2.4223776223776228,32.59440559440559,57.07762237762229,8.801281922347062,N,1.0,0.0
2026-07-02T16:12:28,gner-lener_br,d4b1eca0-2436-45bd-bd3b-158238458726,5b0fa12a-3dd7-45bb-9766-cc326314d9f1,615.7731459000006,0.0003813437855874,6.192926536769917e-07,2.787788011179739,29.052927898749903,8.0,0.0004749976156426,0.004966897862404,0.0013630758024444,0.006804971280491,0.0,France,FRA,,,,Windows-10-10.0.26200-SP0,3.10.0,3.2.6,16,AMD Ryzen 9 4900HS with Radeon Graphics,1,1 x NVIDIA GeForce GTX 1660 Ti with Max-Q Design,,,15.41950225830078,process,5.211783960720126,32.788870703764324,51.49705400982005,7.940771824014167,N,1.0,0.0
2026-07-02T16:36:21,gner-german_ler_coarse,84498366-62a0-4916-a242-dd9e1a6014ff,5b0fa12a-3dd7-45bb-9766-cc326314d9f1,392.3615606000003,0.0002413553886817,6.151351531803363e-07,2.815427791052198,28.752067397468,8.0,0.0003055729221441,0.0031330605620019,0.0008682847099999,0.0043069181941461,0.0,France,FRA,,,,Windows-10-10.0.26200-SP0,3.10.0,3.2.6,16,AMD Ryzen 9 4900HS with Radeon Graphics,1,1 x NVIDIA GeForce GTX 1660 Ti with Max-Q Design,,,15.41950225830078,process,8.61005154639174,31.201030927835053,55.42835051546401,8.546390277823223,N,1.0,0.0
2026-07-02T17:09:32,qwen1_5b-e_ner,5c7dfe89-600b-466c-b5e9-1221f21e2516,5b0fa12a-3dd7-45bb-9766-cc326314d9f1,1117.2490724,0.0009021835795051,8.075044336954592e-07,2.536416112202083,41.39390877630257,8.0,0.0007839167832911,0.01284263110743,0.0024726612226666,0.0160992091133878,0.0,France,FRA,,,,Windows-10-10.0.26200-SP0,3.10.0,3.2.6,16,AMD Ryzen 9 4900HS with Radeon Graphics,1,1 x NVIDIA GeForce GTX 1660 Ti with Max-Q Design,,,15.41950225830078,process,4.813537906137181,42.27797833935018,58.0740072202164,8.95463907331336,N,1.0,0.0
2026-07-03T11:20:26,qwen1_5b-lener_br,02f4f4d5-2973-4906-9960-08de35eb0982,5b0fa12a-3dd7-45bb-9766-cc326314d9f1,65450.016175,0.0323498367234253,4.942678186194554e-07,2.488308223097149,38.76039169031691,8.0,0.0115639841258591,-0.006039076497924,0.571748718300889,0.577273625928823,0.0,France,FRA,,,,Windows-10-10.0.26200-SP0,3.10.0,3.2.6,16,AMD Ryzen 9 4900HS with Radeon Graphics,1,1 x NVIDIA GeForce GTX 1660 Ti with Max-Q Design,,,15.41950225830078,process,8.381599999999999,44.24066666666667,62.341533333333366,9.612990692138672,N,1.0,0.0
2026-07-03T11:34:18,qwen1_5b-german_ler_coarse,dec50c07-e8a7-43e7-9a55-a05548214679,5b0fa12a-3dd7-45bb-9766-cc326314d9f1,827.968919100007,0.0007088780159304,8.561650076200915e-07,2.365495042138904,44.74625355696509,8.0,0.0005412050161174,0.010277508499778,0.0018310128519993,0.0126497263678947,0.0,France,FRA,,,,Windows-10-10.0.26200-SP0,3.10.0,3.2.6,16,AMD Ryzen 9 4900HS with Radeon Graphics,1,1 x NVIDIA GeForce GTX 1660 Ti with Max-Q Design,,,15.41950225830078,process,10.26163215590744,48.72228989037759,69.75383678440932,10.755704696227804,N,1.0,0.0
2026-07-03T15:11:19,opener-indian_legal,3d4a1c5e-a19b-4e25-a36f-58689202e6e4,5b0fa12a-3dd7-45bb-9766-cc326314d9f1,109.60138979999464,0.0001091248838583,9.956523731816074e-07,3.2590217636254155,52.42849169300855,8.0,9.879611538400811e-05,0.001606212118302,0.0002422942495554,0.0019473024832414,0.0,France,FRA,,,,Windows-10-10.0.26200-SP0,3.10.0,3.2.6,16,AMD Ryzen 9 4900HS with Radeon Graphics,1,1 x NVIDIA GeForce GTX 1660 Ti with Max-Q Design,,,15.41950225830078,process,0.0,72.41666666666667,79.26574074074078,12.222266409132216,N,1.0,0.0
2026-07-03T15:12:18,opener-zs-indian_legal,c78aef09-d760-4430-9a5b-37acec55c374,5b0fa12a-3dd7-45bb-9766-cc326314d9f1,42.3643035999994,4.335341037905925e-05,1.023347646367539e-06,3.0121192549166493,54.21064751916574,8.0,3.50968277555749e-05,0.000644838571426,9.369386577781471e-05,0.0007736292649593,0.0,France,FRA,,,,Windows-10-10.0.26200-SP0,3.10.0,3.2.6,16,AMD Ryzen 9 4900HS with Radeon Graphics,1,1 x NVIDIA GeForce GTX 1660 Ti with Max-Q Design,,,15.41950225830078,process,0.7928571428571428,85.3170731707317,77.79285714285712,11.996031079973491,N,1.0,0.0
2026-07-03T15:16:36,opener-e2e-indian_legal,4c0b82c7-d2e3-4ec4-8051-c187b669304e,5b0fa12a-3dd7-45bb-9766-cc326314d9f1,154.15721649999614,0.0001543974428005,1.0015583201747949e-06,2.946266811840508,53.48262603857145,8.0,0.0001255233755663,0.0022887579421159,0.0003408970902221,0.0027551784079044,0.0,France,FRA,,,,Windows-10-10.0.26200-SP0,3.10.0,3.2.6,16,AMD Ryzen 9 4900HS with Radeon Graphics,1,1 x NVIDIA GeForce GTX 1660 Ti with Max-Q Design,,,15.41950225830078,process,0.7677631578947368,88.47368421052632,67.65855263157903,10.431810629995246,N,1.0,0.0
2026-07-03T15:19:51,opener-zs-fusion-indian_legal,82ca59c1-eef0-4fe2-aa6e-a09357335d8b,5b0fa12a-3dd7-45bb-9766-cc326314d9f1,163.1507932999957,0.0001595404806438,9.77871314119013e-07,2.990926802341606,52.09737294609975,8.0,0.0001349130392566,0.002351400214452,0.0003606412002221,0.0028469544539307,0.0,France,FRA,,,,Windows-10-10.0.26200-SP0,3.10.0,3.2.6,16,AMD Ryzen 9 4900HS with Radeon Graphics,1,1 x NVIDIA GeForce GTX 1660 Ti with Max-Q Design,,,15.41950225830078,process,2.617391304347826,86.69565217391305,65.61118012422368,10.11568678387944,N,1.0,0.0
2026-07-03T15:26:14,gliner-indian_legal,fab4ad30-197a-478c-bfaa-68e9a8064957,5b0fa12a-3dd7-45bb-9766-cc326314d9f1,22.96089229999052,2.373594197457169e-05,1.0337552070910368e-06,2.8817420361772323,55.95074572999831,8.0,1.8315648374047875e-05,0.0003544725057999,5.077297244440867e-05,0.0004235611266184,0.0,France,FRA,,,,Windows-10-10.0.26200-SP0,3.10.0,3.2.6,16,AMD Ryzen 9 4900HS with Radeon Graphics,1,1 x NVIDIA GeForce GTX 1660 Ti with Max-Q Design,,,15.41950225830078,process,0.0,54.22727272727273,64.44090909090912,9.936831561001863,N,1.0,0.0
2026-07-03T15:27:11,gliner-indian_legal,c2765c73-f5ef-4965-8f01-d601b61338e4,5b0fa12a-3dd7-45bb-9766-cc326314d9f1,36.01900739999837,3.668918740824408e-05,1.0186062875304482e-06,2.748709115297376,54.80662228428131,8.0,2.7365828389169804e-05,0.000547693215932,7.964905911115542e-05,0.0006547081034323,0.0,France,FRA,,,,Windows-10-10.0.26200-SP0,3.10.0,3.2.6,16,AMD Ryzen 9 4900HS with Radeon Graphics,1,1 x NVIDIA GeForce GTX 1660 Ti with Max-Q Design,,,15.41950225830078,process,0.0,65.02857142857142,65.66,10.124320111955916,N,1.0,0.0
2026-07-03T15:29:01,gliner-indian_legal,75a6a909-30c7-4db4-b17a-a33e648c0299,5b0fa12a-3dd7-45bb-9766-cc326314d9f1,82.76448700000765,8.34700739230737e-05,1.0085252376791266e-06,2.883421437544196,54.34161157539624,8.0,6.598594151857937e-05,0.0012405618257819,0.0001829519368888,0.0014894997041894,0.0,France,FRA,,,,Windows-10-10.0.26200-SP0,3.10.0,3.2.6,16,AMD Ryzen 9 4900HS with Radeon Graphics,1,1 x NVIDIA GeForce GTX 1660 Ti with Max-Q Design,,,15.41950225830078,process,2.5,86.4,64.55499999999992,9.953651237487794,N,1.0,0.0
2026-07-03T16:01:08,gner-indian_legal,d0c10ad7-8794-4cc2-ba51-6f4ec6cee798,5b0fa12a-3dd7-45bb-9766-cc326314d9f1,912.8256975000112,0.000577247212287,6.323739722358675e-07,2.845073584300634,29.85206872918156,8.0,0.0007180584264018,0.007563704384292,0.0020190493431108,0.0103008121538046,0.0,France,FRA,,,,Windows-10-10.0.26200-SP0,3.10.0,3.2.6,16,AMD Ryzen 9 4900HS with Radeon Graphics,1,1 x NVIDIA GeForce GTX 1660 Ti with Max-Q Design,,,15.41950225830078,process,2.8605524861878475,34.27513812154696,60.12629834254187,9.271415887484894,N,1.0,0.0
2026-07-03T16:40:29,qwen1_5b-indian_legal,68425b16-9b65-42fb-8625-528def972452,5b0fa12a-3dd7-45bb-9766-cc326314d9f1,2331.349653600002,0.0017673865982379,7.580958932988856e-07,2.5330128143287207,38.23685027300352,8.0,0.0016323083232002,0.02475040313364,0.0051557991917784,0.0315385106486186,0.0,France,FRA,,,,Windows-10-10.0.26200-SP0,3.10.0,3.2.6,16,AMD Ryzen 9 4900HS with Radeon Graphics,1,1 x NVIDIA GeForce GTX 1660 Ti with Max-Q Design,,,15.41950225830078,process,4.718874458874451,43.73116883116883,63.42515151515105,9.780185245332264,N,1.0,0.0
2026-07-03T17:37:35,opener-cuad,f415df98-6079-4099-98c9-574b323d2079,5b0fa12a-3dd7-45bb-9766-cc326314d9f1,76.772123799994,7.040550814082915e-05,9.170712578467792e-07,2.929117729072999,47.22967339139571,8.0,6.16772103558976e-05,0.001024978875538,0.0001697101615557,0.0012563662474496,0.0,France,FRA,,,,Windows-10-10.0.26200-SP0,3.10.0,3.2.6,16,AMD Ryzen 9 4900HS with Radeon Graphics,1,1 x NVIDIA GeForce GTX 1660 Ti with Max-Q Design,,,15.41950225830078,process,1.3157894736842106,34.94736842105263,67.52368421052633,10.412302167792069,N,1.0,0.0
2026-07-03T17:38:18,opener-zs-cuad,4990466c-b5df-4f24-800c-40b63297ff76,5b0fa12a-3dd7-45bb-9766-cc326314d9f1,23.406211100009383,2.3386592210266177e-05,9.9916180839097e-07,2.7328045452133,53.69017067256988,8.0,1.7649410529121927e-05,0.000347928889454,5.174877955552398e-05,0.0004173270795386,0.0,France,FRA,,,,Windows-10-10.0.26200-SP0,3.10.0,3.2.6,16,AMD Ryzen 9 4900HS with Radeon Graphics,1,1 x NVIDIA GeForce GTX 1660 Ti with Max-Q Design,,,15.41950225830078,process,4.3478260869565215,39.73913043478261,67.02173913043478,10.3344262164572,N,1.0,0.0
2026-07-03T17:49:11,opener-mapa_en,3e517bf4-9966-4077-83d3-4fc590822859,5b0fa12a-3dd7-45bb-9766-cc326314d9f1,18.34250410000095,1.895225383302381e-05,1.0332424476886353e-06,3.1965816636255644,53.81739659815562,8.0,1.6262411036660384e-05,0.000281394947338,4.054021533336102e-05,0.000338197573708,0.0,France,FRA,,,,Windows-10-10.0.26200-SP0,3.10.0,3.2.6,16,AMD Ryzen 9 4900HS with Radeon Graphics,1,1 x NVIDIA GeForce GTX 1660 Ti with Max-Q Design,,,15.41950225830078,process,10.183333333333334,76.88888888888889,64.81111111111112,9.993518617418076,N,1.0,0.0
2026-07-03T17:49:34,opener-zs-mapa_en,52dee6c4-9b71-4026-937d-3ad43d691144,5b0fa12a-3dd7-45bb-9766-cc326314d9f1,3.510372400007327,3.602198212034013e-06,1.0261584246806676e-06,3.56479230023129,55.17059844403471,8.0,3.3472253951495308e-06,5.3190598108e-05,7.742377999982435e-06,6.428020150313197e-05,0.0,France,FRA,,,,Windows-10-10.0.26200-SP0,3.10.0,3.2.6,16,AMD Ryzen 9 4900HS with Radeon Graphics,1,1 x NVIDIA GeForce GTX 1660 Ti with Max-Q Design,,,15.41950225830078,process,0.0,65.66666666666667,64.53333333333333,9.955458323160808,N,1.0,0.0
2026-07-03T17:50:40,opener-e2e-mapa_en,090981b9-7e60-4ebc-acc9-271d89598580,5b0fa12a-3dd7-45bb-9766-cc326314d9f1,12.231457799993224,1.211230309029509e-05,9.902583394680723e-07,2.74659015109404,51.11468347673716,8.0,9.09216542167854e-06,0.000180043477368,2.7004957333362355e-05,0.000216140600123,0.0,France,FRA,,,,Windows-10-10.0.26200-SP0,3.10.0,3.2.6,16,AMD Ryzen 9 4900HS with Radeon Graphics,1,1 x NVIDIA GeForce GTX 1660 Ti with Max-Q Design,,,15.41950225830078,process,0.0,69.75,65.24999999999999,10.062392234802246,N,1.0,0.0
2026-07-03T17:51:28,opener-zs-fusion-mapa_en,feef988e-519e-4fe3-b7b8-7e8277e07a20,5b0fa12a-3dd7-45bb-9766-cc326314d9f1,15.834897899985664,1.4000474213840743e-05,8.841531093076021e-07,4.010376201859688,45.13773565020395,8.0,1.7710396986460975e-05,0.0001971187688059,3.50053104444588e-05,0.0002498344762369,0.0,France,FRA,,,,Windows-10-10.0.26200-SP0,3.10.0,3.2.6,16,AMD Ryzen 9 4900HS with Radeon Graphics,1,1 x NVIDIA GeForce GTX 1660 Ti with Max-Q Design,,,15.41950225830078,process,6.666666666666667,56.93333333333333,66.05333333333331,10.184969075520833,N,1.0,0.0
2026-07-03T17:52:09,gliner-mapa_en,088b9af1-4289-4450-ae42-f3fa0324f776,5b0fa12a-3dd7-45bb-9766-cc326314d9f1,3.2231668000022182,2.3410999900271386e-06,7.263353513152119e-07,3.979976705298421,38.68420291446471,8.0,3.2679598959944728e-06,3.138502510800001e-05,7.123277777767119e-06,4.17762627817616e-05,0.0,France,FRA,,,,Windows-10-10.0.26200-SP0,3.10.0,3.2.6,16,AMD Ryzen 9 4900HS with Radeon Graphics,1,1 x NVIDIA GeForce GTX 1660 Ti with Max-Q Design,,,15.41950225830078,process,0.0,30.33333333333333,65.7,10.133663177490234,N,1.0,0.0
2026-07-03T17:52:41,gliner-mapa_en,d8672769-a1c0-444a-9af7-5cf3f221f236,5b0fa12a-3dd7-45bb-9766-cc326314d9f1,4.083226000002469,3.6389134659728974e-06,8.911859069203365e-07,4.060833815615305,30.88335676104944,8.0,3.806141507093912e-06,5.2117263916e-05,9.011969333288208e-06,6.493537475638212e-05,0.0,France,FRA,,,,Windows-10-10.0.26200-SP0,3.10.0,3.2.6,16,AMD Ryzen 9 4900HS with Radeon Graphics,1,1 x NVIDIA GeForce GTX 1660 Ti with Max-Q Design,,,15.41950225830078,process,0.0,33.333333333333336,65.26666666666667,10.061228434244793,N,1.0,0.0
2026-07-03T17:53:17,gliner-mapa_en,528440bb-eed4-4598-95e8-a3a7425c23d4,5b0fa12a-3dd7-45bb-9766-cc326314d9f1,7.510831200008397,7.401078360487766e-06,9.853873910093322e-07,3.406598908591549,52.40484102325115,8.0,7.267560452987749e-06,0.0001082498088219,1.6552766888893934e-05,0.0001320701361638,0.0,France,FRA,,,,Windows-10-10.0.26200-SP0,3.10.0,3.2.6,16,AMD Ryzen 9 4900HS with Radeon Graphics,1,1 x NVIDIA GeForce GTX 1660 Ti with Max-Q Design,,,15.41950225830078,process,0.0,63.85714285714285,63.71428571428571,9.826556069510325,N,1.0,0.0
2026-07-03T18:05:15,gner-mapa_en,1c18709e-8ba2-4b39-80d7-3f034f64e14c,5b0fa12a-3dd7-45bb-9766-cc326314d9f1,598.148486799997,0.0003663190994127,6.124216770529099e-07,2.80872183742734,28.60583284896517,8.0,0.0004643806273337,0.0047498324109739,0.0013226469951103,0.006536860033418,0.0,France,FRA,,,,Windows-10-10.0.26200-SP0,3.10.0,3.2.6,16,AMD Ryzen 9 4900HS with Radeon Graphics,1,1 x NVIDIA GeForce GTX 1660 Ti with Max-Q Design,,,15.41950225830078,process,2.8589527027027044,32.63851351351352,61.45422297297273,9.47519063949585,N,1.0,0.0
2026-07-03T18:14:31,qwen1_5b-mapa_en,565bf230-2958-4acf-96e2-da9ad8e851c7,5b0fa12a-3dd7-45bb-9766-cc326314d9f1,526.0967930000043,0.0004128881576362,7.848140553789958e-07,2.569068196886588,39.919263555356224,8.0,0.0003734933080401,0.005831293831698,0.0011630844788885,0.0073678716186266,0.0,France,FRA,,,,Windows-10-10.0.26200-SP0,3.10.0,3.2.6,16,AMD Ryzen 9 4900HS with Radeon Graphics,1,1 x NVIDIA GeForce GTX 1660 Ti with Max-Q Design,,,15.41950225830078,process,1.412092130518234,42.49904030710173,61.40268714011518,9.467826557708564,N,1.0,0.0
2026-07-05T02:27:23,opener-e2e-e_ner,9074cff3-86aa-4c23-92fa-a542ea70a24b,5b0fa12a-3dd7-45bb-9766-cc326314d9f1,102.07691800000612,0.0001024973484399,1.0041187611081416e-06,2.716827425830672,53.90721364857167,8.0,7.665083083656348e-05,0.0015267003880259,0.0002256847817781,0.0018290360006406,0.0,France,FRA,,,,Windows-10-10.0.26200-SP0,3.10.0,3.2.6,16,AMD Ryzen 9 4900HS with Radeon Graphics,1,1 x NVIDIA GeForce GTX 1660 Ti with Max-Q Design,,,15.41950225830078,process,1.0,72.37,68.96700000000003,10.635761909484865,N,1.0,0.0
2026-07-05T02:34:12,opener-e2e-indian_legal,4cdfbe98-9747-4237-9518-8d46725d9b3c,5b0fa12a-3dd7-45bb-9766-cc326314d9f1,158.64288820000365,0.000157286254089,9.914485034512526e-07,2.812650548244889,53.00283481756448,8.0,0.0001232878417564,0.002332779921778,0.0003506606593331,0.0028067284228676,0.0,France,FRA,,,,Windows-10-10.0.26200-SP0,3.10.0,3.2.6,16,AMD Ryzen 9 4900HS with Radeon Graphics,1,1 x NVIDIA GeForce GTX 1660 Ti with Max-Q Design,,,15.41950225830078,process,1.1365384615384615,88.71153846153847,62.59230769230768,9.651961106520432,N,1.0,0.0
2026-07-05T02:35:18,opener-e2e-mapa_en,79de48d8-7d92-43f1-aaff-3a22d5f6886d,5b0fa12a-3dd7-45bb-9766-cc326314d9f1,12.314933999994537,1.223043843393514e-05,9.931387723182736e-07,3.04320970453594,51.54439545963669,8.0,1.057854555014306e-05,0.00018045986659,2.72102795555515e-05,0.0002182486916956,0.0,France,FRA,,,,Windows-10-10.0.26200-SP0,3.10.0,3.2.6,16,AMD Ryzen 9 4900HS with Radeon Graphics,1,1 x NVIDIA GeForce GTX 1660 Ti with Max-Q Design,,,15.41950225830078,process,8.333333333333334,80.5,60.43333333333333,9.318375905354818,N,1.0,0.0
2026-07-05T02:41:59,opener-e2e-lener_br,0da750eb-a617-486c-80ed-7a44460af54b,5b0fa12a-3dd7-45bb-9766-cc326314d9f1,115.09679689997574,0.0001131330370416,9.829381884530557e-07,2.7240944072816964,52.36312167046237,8.0,8.679820372947261e-05,0.00167764856434,0.0002543800675559,0.0020188268356253,0.0,France,FRA,,,,Windows-10-10.0.26200-SP0,3.10.0,3.2.6,16,AMD Ryzen 9 4900HS with Radeon Graphics,1,1 x NVIDIA GeForce GTX 1660 Ti with Max-Q Design,,,15.41950225830078,process,1.8451327433628315,88.13274336283186,57.03451327433625,8.794984834384074,N,1.0,0.0
2026-07-05T02:47:40,opener-e2e-german_ler_coarse,9f09880b-c2e5-4068-bb0f-9ad8e4339264,5b0fa12a-3dd7-45bb-9766-cc326314d9f1,117.91632570000364,0.0001126676465338,9.554881045094116e-07,2.459236479191252,51.0813656936123,8.0,8.006313881323795e-05,0.0016699077248139,0.0002605512108889,0.0020105220745161,0.0,France,FRA,,,,Windows-10-10.0.26200-SP0,3.10.0,3.2.6,16,AMD Ryzen 9 4900HS with Radeon Graphics,1,1 x NVIDIA GeForce GTX 1660 Ti with Max-Q Design,,,15.41950225830078,process,2.763793103448276,81.06896551724138,57.21465517241371,8.821878334571576,N,1.0,0.0
2026-07-05T02:49:24,opener-zs-e_ner,458839c7-f8f8-49c3-8e80-6c500a903610,5b0fa12a-3dd7-45bb-9766-cc326314d9f1,23.99476230001892,2.4398375499084178e-05,1.0168208875761582e-06,2.8598020622726152,54.581037893431215,8.0,1.8961277112293883e-05,0.0003633797351479,5.304105200002798e-05,0.0004353820642603,0.0,France,FRA,,,,Windows-10-10.0.26200-SP0,3.10.0,3.2.6,16,AMD Ryzen 9 4900HS with Radeon Graphics,1,1 x NVIDIA GeForce GTX 1660 Ti with Max-Q Design,,,15.41950225830078,process,0.0,68.17391304347827,56.978260869565226,8.78784345543903,N,1.0,0.0
2026-07-05T02:50:11,opener-zs-indian_legal,f5e83f4b-c79c-4649-9dda-3bab1fa781ae,5b0fa12a-3dd7-45bb-9766-cc326314d9f1,44.59651639999356,4.52407306948596e-05,1.0144453949965054e-06,3.411292566386812,53.67870006625802,8.0,4.2140338736964056e-05,0.000666559977692,9.860764222232522e-05,0.0008073079586512,0.0,France,FRA,,,,Windows-10-10.0.26200-SP0,3.10.0,3.2.6,16,AMD Ryzen 9 4900HS with Radeon Graphics,1,1 x NVIDIA GeForce GTX 1660 Ti with Max-Q Design,,,15.41950225830078,process,0.0,86.88636363636364,57.13863636363632,8.814323338595303,N,1.0,0.0
2026-07-05T02:50:19,opener-zs-mapa_en,9ecd9f7e-d68e-4b6d-af9b-ce9010f334d8,5b0fa12a-3dd7-45bb-9766-cc326314d9f1,3.831036499992479,3.733241317636411e-06,9.744729181368386e-07,3.138174141502976,51.65168217429595,8.0,3.325854779661388e-06,5.481948830000005e-05,8.47328533334399e-06,6.661862841300542e-05,0.0,France,FRA,,,,Windows-10-10.0.26200-SP0,3.10.0,3.2.6,16,AMD Ryzen 9 4900HS with Radeon Graphics,1,1 x NVIDIA GeForce GTX 1660 Ti with Max-Q Design,,,15.41950225830078,process,0.0,85.66666666666667,57.5,8.864593505859375,N,1.0,0.0
2026-07-05T02:50:47,opener-zs-lener_br,6f48d522-0d64-4488-93d5-4ec78f811cd7,5b0fa12a-3dd7-45bb-9766-cc326314d9f1,26.15321819999372,2.6223444973998484e-05,1.0026852058307985e-06,3.020425888486098,49.70828433451685,8.0,2.197869021366762e-05,0.0003881750327619,5.779618644453067e-05,0.0004679499094201,0.0,France,FRA,,,,Windows-10-10.0.26200-SP0,3.10.0,3.2.6,16,AMD Ryzen 9 4900HS with Radeon Graphics,1,1 x NVIDIA GeForce GTX 1660 Ti with Max-Q Design,,,15.41950225830078,process,4.0,83.96,57.40400000000002,8.851350708007812,N,1.0,0.0
2026-07-05T02:51:21,opener-zs-german_ler_coarse,e38126b3-dd9e-4b8b-8659-fe3d077d75ab,5b0fa12a-3dd7-45bb-9766-cc326314d9f1,31.02181390000624,3.1017165163609444e-05,9.99850146209639e-07,2.91552169195238,53.57142193517284,8.0,2.4948817399600136e-05,0.00045996564575,6.857801822246984e-05,0.000553492481372,0.0,France,FRA,,,,Windows-10-10.0.26200-SP0,3.10.0,3.2.6,16,AMD Ryzen 9 4900HS with Radeon Graphics,1,1 x NVIDIA GeForce GTX 1660 Ti with Max-Q Design,,,15.41950225830078,process,0.0,79.2,57.43333333333336,8.856807200113932,N,1.0,0.0
2026-07-05T12:16:15,opener-mapa_fr,f982ff26-23f3-4ff1-b79a-d0a339c39de8,5b0fa12a-3dd7-45bb-9766-cc326314d9f1,20.152766600018367,2.0803013086317068e-05,1.0322658669752126e-06,3.244896654943203,50.10248901690677,8.0,1.866249612817391e-05,0.0003080121908539,4.454915866669683e-05,0.0003712238456488,0.0,France,FRA,,,,Windows-10-10.0.26200-SP0,3.10.0,3.2.6,16,AMD Ryzen 9 4900HS with Radeon Graphics,1,1 x NVIDIA GeForce GTX 1660 Ti with Max-Q Design,,,15.41950225830078,process,0.0,75.47368421052632,70.67368421052633,10.89783357319079,N,1.0,0.0
2026-07-05T12:16:37,opener-zs-mapa_fr,fef5e8b8-2a77-4ca4-a018-bfa169500eb5,5b0fa12a-3dd7-45bb-9766-cc326314d9f1,5.3322026999958325,5.441864266149001e-06,1.0205659034967396e-06,2.971149655465315,55.16057237544688,8.0,4.400778811438612e-06,8.0953398096e-05,1.175434155557822e-05,9.710851846301684e-05,0.0,France,FRA,,,,Windows-10-10.0.26200-SP0,3.10.0,3.2.6,16,AMD Ryzen 9 4900HS with Radeon Graphics,1,1 x NVIDIA GeForce GTX 1660 Ti with Max-Q Design,,,15.41950225830078,process,0.0,66.2,68.96,10.629364776611329,N,1.0,0.0
2026-07-05T12:17:51,opener-e2e-mapa_fr,12e4ee9f-fc16-4f14-8657-84761eb59ae2,5b0fa12a-3dd7-45bb-9766-cc326314d9f1,21.81510680000065,2.211346715143654e-05,1.01367677702297e-06,3.3006134034438617,53.958502369072335,8.0,1.988568702471469e-05,0.0003265033167579,4.82195215556486e-05,0.0003946085253383,0.0,France,FRA,,,,Windows-10-10.0.26200-SP0,3.10.0,3.2.6,16,AMD Ryzen 9 4900HS with Radeon Graphics,1,1 x NVIDIA GeForce GTX 1660 Ti with Max-Q Design,,,15.41950225830078,process,2.380952380952381,74.28571428571429,69.48095238095237,10.714962732224237,N,1.0,0.0
2026-07-05T12:18:45,opener-zs-fusion-mapa_fr,91f28fe8-05f5-4174-9594-86798f6be9e7,5b0fa12a-3dd7-45bb-9766-cc326314d9f1,25.6157702000055,2.301274312090429e-05,8.983818538823147e-07,3.031461812902753,46.99510358582508,8.0,2.147235915064533e-05,0.0003325630438279,5.662044599982134e-05,0.0004106558489784,0.0,France,FRA,,,,Windows-10-10.0.26200-SP0,3.10.0,3.2.6,16,AMD Ryzen 9 4900HS with Radeon Graphics,1,1 x NVIDIA GeForce GTX 1660 Ti with Max-Q Design,,,15.41950225830078,process,2.0,67.0,67.08400000000002,10.346401519775393,N,1.0,0.0
2026-07-05T12:19:12,gliner-mapa_fr,639c2590-4d13-47c5-abcc-73c2279efaf0,5b0fa12a-3dd7-45bb-9766-cc326314d9f1,4.9290938999911305,4.355810974708016e-06,8.83694054746219e-07,2.4965906601270977,47.486591256738194,8.0,3.313632973825901e-06,6.353421749400031e-05,1.0880356222300585e-05,7.77282066901268e-05,0.0,France,FRA,,,,Windows-10-10.0.26200-SP0,3.10.0,3.2.6,16,AMD Ryzen 9 4900HS with Radeon Graphics,1,1 x NVIDIA GeForce GTX 1660 Ti with Max-Q Design,,,15.41950225830078,process,0.0,42.75,66.1,10.195173263549805,N,1.0,0.0
2026-07-05T12:19:41,gliner-mapa_fr,0f470b5c-b091-4e58-bb92-e629db02e543,5b0fa12a-3dd7-45bb-9766-cc326314d9f1,7.650532500003464,7.280944345781834e-06,9.51691185649958e-07,2.763486428792588,50.94804648691254,8.0,5.847301137056907e-06,0.000107172585738,1.6906492000044737e-05,0.0001299263788751,0.0,France,FRA,,,,Windows-10-10.0.26200-SP0,3.10.0,3.2.6,16,AMD Ryzen 9 4900HS with Radeon Graphics,1,1 x NVIDIA GeForce GTX 1660 Ti with Max-Q Design,,,15.41950225830078,process,4.757142857142857,44.85714285714285,67.58571428571427,10.423345293317524,N,1.0,0.0
2026-07-05T12:20:22,gliner-mapa_fr,9bc2a683-280f-45e7-a09c-8421fdd677e0,5b0fa12a-3dd7-45bb-9766-cc326314d9f1,13.796285299991723,1.364814163815877e-05,9.89262061590373e-07,3.2295082434919684,52.55123160812973,8.0,1.2333696272295284e-05,0.000200720438354,3.049306711104388e-05,0.0002435472017373,0.0,France,FRA,,,,Windows-10-10.0.26200-SP0,3.10.0,3.2.6,16,AMD Ryzen 9 4900HS with Radeon Graphics,1,1 x NVIDIA GeForce GTX 1660 Ti with Max-Q Design,,,15.41950225830078,process,0.0,79.6923076923077,63.89230769230768,9.851915506216196,N,1.0,0.0
2026-07-05T12:31:17,gner-mapa_fr,328f0127-8831-4afa-9daa-729c45438800,5b0fa12a-3dd7-45bb-9766-cc326314d9f1,439.2580543000077,0.0002672583246927,6.084312446327427e-07,2.8390013503631244,28.31322433135561,8.0,0.0003448236417303,0.0034527513733099,0.0009715736973333,0.0047691487123737,0.0,France,FRA,,,,Windows-10-10.0.26200-SP0,3.10.0,3.2.6,16,AMD Ryzen 9 4900HS with Radeon Graphics,1,1 x NVIDIA GeForce GTX 1660 Ti with Max-Q Design,,,15.41950225830078,process,1.4565517241379309,32.63908045977011,59.27701149425288,9.139327924004917,N,1.0,0.0
2026-07-05T12:48:21,qwen1_5b-mapa_fr,88940e80-edc4-4c03-accf-4f71a8b907bd,5b0fa12a-3dd7-45bb-9766-cc326314d9f1,993.2410971999924,0.0007933347707987,7.987333317512231e-07,2.507591500672399,40.86686929075265,8.0,0.0006882943495989,0.0112724109623659,0.0021961278006671,0.0141568331126321,0.0,France,FRA,,,,Windows-10-10.0.26200-SP0,3.10.0,3.2.6,16,AMD Ryzen 9 4900HS with Radeon Graphics,1,1 x NVIDIA GeForce GTX 1660 Ti with Max-Q Design,,,15.41950225830078,process,3.284857723577234,42.260162601626014,61.15050813008098,9.428864168926951,N,1.0,0.0
2026-07-05T15:14:51,opener-e2e-e_ner,a4246ca5-f1c8-40a3-911b-abf8e83d4c70,5b0fa12a-3dd7-45bb-9766-cc326314d9f1,65.31815229996573,6.650165623329957e-05,1.018119066318636e-06,3.022314922965334,54.54462541055252,8.0,5.455033694955087e-05,0.000987801901352,0.0001443508833333,0.0011867031216349,0.0,France,FRA,,,,Windows-10-10.0.26200-SP0,3.10.0,3.2.6,16,AMD Ryzen 9 4900HS with Radeon Graphics,1,1 x NVIDIA GeForce GTX 1660 Ti with Max-Q Design,,,15.41950225830078,process,1.5625,60.875,73.94375000000001,11.401572585105896,N,1.0,0.0
2026-07-05T15:17:59,opener-e2e-indian_legal,447b9268-b3ca-4b23-b173-0771d9cc223c,5b0fa12a-3dd7-45bb-9766-cc326314d9f1,110.73180589999538,0.0001103867333355,9.968837086906176e-07,2.9896366691371696,53.4007800930509,8.0,9.132117282069436e-05,0.0016338488070779,0.0002446498479996,0.0019698198278983,0.0,France,FRA,,,,Windows-10-10.0.26200-SP0,3.10.0,3.2.6,16,AMD Ryzen 9 4900HS with Radeon Graphics,1,1 x NVIDIA GeForce GTX 1660 Ti with Max-Q Design,,,15.41950225830078,process,2.293577981651376,81.78899082568807,75.77431192660552,11.68390907497581,N,1.0,0.0
2026-07-05T15:18:39,opener-e2e-mapa_en,d05470f2-71aa-4e52-9173-076ec5e4f6b3,5b0fa12a-3dd7-45bb-9766-cc326314d9f1,10.27653030003421,1.0244552814141908e-05,9.968882993618774e-07,2.6276687961329386,49.32336708666799,8.0,8.05279923188642e-06,0.000152064566096,2.2693762888924943e-05,0.0001828111282168,0.0,France,FRA,,,,Windows-10-10.0.26200-SP0,3.10.0,3.2.6,16,AMD Ryzen 9 4900HS with Radeon Graphics,1,1 x NVIDIA GeForce GTX 1660 Ti with Max-Q Design,,,15.41950225830078,process,3.33,81.2,77.55999999999999,11.958303451538086,N,1.0,0.0
2026-07-05T15:19:24,opener-e2e-mapa_fr,f04fde56-0cfb-4dd0-87dd-fd3fd12ea1b1,5b0fa12a-3dd7-45bb-9766-cc326314d9f1,15.7529830999556,1.572589392292639e-05,9.982803779539837e-07,3.0823220692190767,53.097646363674286,8.0,1.3462319161723337e-05,0.0002323362969799,3.482548355538812e-05,0.0002806240996971,0.0,France,FRA,,,,Windows-10-10.0.26200-SP0,3.10.0,3.2.6,16,AMD Ryzen 9 4900HS with Radeon Graphics,1,1 x NVIDIA GeForce GTX 1660 Ti with Max-Q Design,,,15.41950225830078,process,1.1133333333333333,73.0,77.32666666666665,11.926539103190104,N,1.0,0.0
2026-07-05T15:22:00,opener-e2e-lener_br,14595868-1f56-4570-8086-4f78ebd0b4b8,5b0fa12a-3dd7-45bb-9766-cc326314d9f1,56.78394510003272,5.325851497231822e-05,9.379150194389632e-07,2.895078350391258,49.65998452776821,8.0,4.539975199523039e-05,0.000779850346102,0.0001251329382224,0.0009503830363196,0.0,France,FRA,,,,Windows-10-10.0.26200-SP0,3.10.0,3.2.6,16,AMD Ryzen 9 4900HS with Radeon Graphics,1,1 x NVIDIA GeForce GTX 1660 Ti with Max-Q Design,,,15.41950225830078,process,0.875,73.28571428571429,77.625,11.97002955845424,N,1.0,0.0
2026-07-05T15:24:49,opener-e2e-german_ler_coarse,51eee069-07aa-4b2c-bb42-c210ee0b0ec1,5b0fa12a-3dd7-45bb-9766-cc326314d9f1,80.71853930002544,7.302799037676808e-05,9.047238838815938e-07,2.857536317985196,47.26626933688289,8.0,6.36748981981537e-05,0.0010612352934319,0.0001782535046664,0.0013031636962966,0.0,France,FRA,,,,Windows-10-10.0.26200-SP0,3.10.0,3.2.6,16,AMD Ryzen 9 4900HS with Radeon Graphics,1,1 x NVIDIA GeForce GTX 1660 Ti with Max-Q Design,,,15.41950225830078,process,2.39620253164557,63.59493670886076,83.82405063291138,12.924837039995795,N,1.0,0.0
2026-07-05T15:29:06,opener-e2e-e_ner,3cfa3341-932c-4dcb-89ec-7e60ef0853c3,5b0fa12a-3dd7-45bb-9766-cc326314d9f1,78.71737299999222,7.061222960503001e-05,8.970348845995787e-07,2.706736418980042,46.90325932786495,8.0,5.8898373365138175e-05,0.0010271974884239,0.0001739592713329,0.0012600551331221,0.0,France,FRA,,,,Windows-10-10.0.26200-SP0,3.10.0,3.2.6,16,AMD Ryzen 9 4900HS with Radeon Graphics,1,1 x NVIDIA GeForce GTX 1660 Ti with Max-Q Design,,,15.41950225830078,process,0.0,62.87012987012987,75.75194805194812,11.681272779192245,N,1.0,0.0
2026-07-05T15:34:09,opener-e2e-indian_legal,dfa5257c-fe9f-4fc6-8067-26a55b13f198,5b0fa12a-3dd7-45bb-9766-cc326314d9f1,122.40800270001635,0.0001173605075796,9.587649907766734e-07,2.981055833376709,50.72292853948191,8.0,0.0001007953466921,0.0017230080450719,0.0002704614519995,0.0020942648437636,0.0,France,FRA,,,,Windows-10-10.0.26200-SP0,3.10.0,3.2.6,16,AMD Ryzen 9 4900HS with Radeon Graphics,1,1 x NVIDIA GeForce GTX 1660 Ti with Max-Q Design,,,15.41950225830078,process,2.066115702479338,82.15702479338843,72.82561983471089,11.230884804213344,N,1.0,0.0
2026-07-05T15:35:11,opener-e2e-mapa_en,8cffedd4-605f-4c51-91f1-9d7187ff21ea,5b0fa12a-3dd7-45bb-9766-cc326314d9f1,10.692600500013214,1.0279119666418514e-05,9.61330189639631e-07,2.992602914002259,51.872679225435824,8.0,8.626491987726573e-06,0.0001512217876439,2.3579684222349896e-05,0.000183427963854,0.0,France,FRA,,,,Windows-10-10.0.26200-SP0,3.10.0,3.2.6,16,AMD Ryzen 9 4900HS with Radeon Graphics,1,1 x NVIDIA GeForce GTX 1660 Ti with Max-Q Design,,,15.41950225830078,process,0.0,81.5,73.36,11.31450653076172,N,1.0,0.0
2026-07-05T15:36:19,opener-e2e-mapa_fr,a955e562-1a12-488b-ba76-792acd2418da,5b0fa12a-3dd7-45bb-9766-cc326314d9f1,16.761946599988732,1.5859326886253046e-05,9.461506628510384e-07,2.836648451586064,50.30453680663756,8.0,1.3110891284389835e-05,0.000232899908542,3.699437311126127e-05,0.0002830051729376,0.0,France,FRA,,,,Windows-10-10.0.26200-SP0,3.10.0,3.2.6,16,AMD Ryzen 9 4900HS with Radeon Graphics,1,1 x NVIDIA GeForce GTX 1660 Ti with Max-Q Design,,,15.41950225830078,process,1.525,75.25,73.2625,11.298625946044922,N,1.0,0.0
2026-07-05T15:39:54,opener-e2e-lener_br,c1f6e7d4-f533-430d-a226-f7dd3a614df4,5b0fa12a-3dd7-45bb-9766-cc326314d9f1,60.197430500003975,5.594365711280004e-05,9.293362963855464e-07,2.911184858308644,48.92654020784664,8.0,4.838208662189696e-05,0.0008169884313679,0.0001329281153333,0.0009982986333232,0.0,France,FRA,,,,Windows-10-10.0.26200-SP0,3.10.0,3.2.6,16,AMD Ryzen 9 4900HS with Radeon Graphics,1,1 x NVIDIA GeForce GTX 1660 Ti with Max-Q Design,,,15.41950225830078,process,4.6169491525423725,69.96610169491525,74.7491525423729,11.526731911352126,N,1.0,0.0
2026-07-05T15:44:02,opener-e2e-german_ler_coarse,e1eff0b7-d5d2-4e89-8d35-2c6c8a865412,5b0fa12a-3dd7-45bb-9766-cc326314d9f1,82.44060659996467,7.442946087197723e-05,9.028252452476392e-07,2.899918581928437,46.11324265194853,8.0,6.555843760106117e-05,0.00108055642,0.0001820576806665,0.0013281725382675,0.0,France,FRA,,,,Windows-10-10.0.26200-SP0,3.10.0,3.2.6,16,AMD Ryzen 9 4900HS with Radeon Graphics,1,1 x NVIDIA GeForce GTX 1660 Ti with Max-Q Design,,,15.41950225830078,process,4.258024691358024,61.901234567901234,78.03827160493826,12.032016000629945,N,1.0,0.0
2026-07-05T15:45:42,opener-zs-fusion-e_ner,bd327d69-ab6d-401b-ae02-d03bc252760e,5b0fa12a-3dd7-45bb-9766-cc326314d9f1,77.27600750001147,7.048638508279345e-05,9.121380278708496e-07,3.039289909283833,47.661971489525286,8.0,6.447759604673962e-05,0.001022590540294,0.0001707413371115,0.0012578094734523,0.0,France,FRA,,,,Windows-10-10.0.26200-SP0,3.10.0,3.2.6,16,AMD Ryzen 9 4900HS with Radeon Graphics,1,1 x NVIDIA GeForce GTX 1660 Ti with Max-Q Design,,,15.41950225830078,process,0.0,63.71052631578947,78.31578947368423,12.074717371087326,N,1.0,0.0
2026-07-05T15:47:50,opener-zs-fusion-indian_legal,434f2885-15b6-4160-9b36-7e48570fb11d,5b0fa12a-3dd7-45bb-9766-cc326314d9f1,123.43558300001314,0.0001182720736679,9.58168388672214e-07,3.032828156101368,50.64261585665281,8.0,0.0001033695098513,0.001734586943224,0.0002725750279991,0.0021105314810745,0.0,France,FRA,,,,Windows-10-10.0.26200-SP0,3.10.0,3.2.6,16,AMD Ryzen 9 4900HS with Radeon Graphics,1,1 x NVIDIA GeForce GTX 1660 Ti with Max-Q Design,,,15.41950225830078,process,1.639344262295082,82.32786885245902,78.41311475409846,12.091815041714026,N,1.0,0.0
2026-07-05T15:48:15,opener-zs-fusion-mapa_en,e04bed28-d8ec-4844-83b7-e79e032495c4,5b0fa12a-3dd7-45bb-9766-cc326314d9f1,11.62864140002057,1.106305835974327e-05,9.513629304730044e-07,2.817420004762856,50.491803340085625,8.0,8.992198672562381e-06,0.0001627362412999,2.568868666680323e-05,0.0001974171266393,0.0,France,FRA,,,,Windows-10-10.0.26200-SP0,3.10.0,3.2.6,16,AMD Ryzen 9 4900HS with Radeon Graphics,1,1 x NVIDIA GeForce GTX 1660 Ti with Max-Q Design,,,15.41950225830078,process,0.0,77.54545454545455,72.60000000000001,11.191431218927557,N,1.0,0.0
2026-07-05T15:48:39,opener-zs-fusion-mapa_fr,4965a5ad-3d81-4c9d-af9d-a6263dbc98df,5b0fa12a-3dd7-45bb-9766-cc326314d9f1,17.45353100000648,1.6569558213575468e-05,9.4935278217166e-07,3.1056820943063927,49.96893325601327,8.0,1.4950997465187228e-05,0.0002421768604079,3.8551190888845465e-05,0.000295679048762,0.0,France,FRA,,,,Windows-10-10.0.26200-SP0,3.10.0,3.2.6,16,AMD Ryzen 9 4900HS with Radeon Graphics,1,1 x NVIDIA GeForce GTX 1660 Ti with Max-Q Design,,,15.41950225830078,process,6.635294117647058,72.76470588235294,72.39411764705882,11.16376360724954,N,1.0,0.0
2026-07-05T15:49:42,opener-zs-fusion-lener_br,572d346e-927a-4a99-b679-9bd438661fd7,5b0fa12a-3dd7-45bb-9766-cc326314d9f1,56.9995123000117,5.3567365121299e-05,9.397863764053292e-07,2.9311599353253603,49.56263539272886,8.0,4.617958357857524e-05,0.000783812015938,0.0001259027797781,0.0009558943792947,0.0,France,FRA,,,,Windows-10-10.0.26200-SP0,3.10.0,3.2.6,16,AMD Ryzen 9 4900HS with Radeon Graphics,1,1 x NVIDIA GeForce GTX 1660 Ti with Max-Q Design,,,15.41950225830078,process,0.9035714285714284,73.75,73.48749999999997,11.332017830439977,N,1.0,0.0
2026-07-05T15:51:01,opener-zs-fusion-german_ler_coarse,7fc074da-af36-43f3-821c-c9eee91266d1,5b0fa12a-3dd7-45bb-9766-cc326314d9f1,71.93134219996864,6.695691692468414e-05,9.308448150257556e-07,2.9269812457477467,48.98938821528224,8.0,5.814906861179058e-05,0.000977775504442,0.0001589025460005,0.0011948271190543,0.0,France,FRA,,,,Windows-10-10.0.26200-SP0,3.10.0,3.2.6,16,AMD Ryzen 9 4900HS with Radeon Graphics,1,1 x NVIDIA GeForce GTX 1660 Ti with Max-Q Design,,,15.41950225830078,process,5.390140845070423,72.25352112676056,73.44366197183098,11.327585515841632,N,1.0,0.0
2026-07-08T13:27:53,opener-e_ner,29ebb05e-0a88-461b-8882-de535c4e1b72,5b0fa12a-3dd7-45bb-9766-cc326314d9f1,81.40054810000584,8.171315541096079e-05,1.0038403587967356e-06,3.0664802516301006,53.00900510548873,8.0,6.904612713487492e-05,0.001209140133978,0.0001799617324444,0.0014581479935573,0.0,France,FRA,,,,Windows-10-10.0.26200-SP0,3.10.0,3.2.6,16,AMD Ryzen 9 4900HS with Radeon Graphics,1,1 x NVIDIA GeForce GTX 1660 Ti with Max-Q Design,,,15.41950225830078,process,1.25,64.3,77.58874999999998,11.96470594406128,N,1.0,0.0
2026-07-08T13:30:07,opener-indian_legal,fcec9680-b7b1-4c30-b6ec-f62d035ef0a0,5b0fa12a-3dd7-45bb-9766-cc326314d9f1,117.40778830001364,0.0001140805838177,9.716611263147595e-07,3.0422717687190777,51.04393748750496,8.0,9.875273186498496e-05,0.0016774760642019,0.0002595067419996,0.0020357355380666,0.0,France,FRA,,,,Windows-10-10.0.26200-SP0,3.10.0,3.2.6,16,AMD Ryzen 9 4900HS with Radeon Graphics,1,1 x NVIDIA GeForce GTX 1660 Ti with Max-Q Design,,,15.41950225830078,process,3.8793103448275854,73.23275862068965,79.77844827586203,12.301007796978128,N,1.0,0.0
2026-07-08T13:32:24,opener-lener_br,8b2acee0-f332-40be-89b9-9bcf6adc48d3,5b0fa12a-3dd7-45bb-9766-cc326314d9f1,119.08331979997456,0.000115193892323,9.673386038997516e-07,2.958260922024353,50.73120781311505,8.0,9.733006350097418e-05,0.0016951180227599,0.0002631541251106,0.0020556022113716,0.0,France,FRA,,,,Windows-10-10.0.26200-SP0,3.10.0,3.2.6,16,AMD Ryzen 9 4900HS with Radeon Graphics,1,1 x NVIDIA GeForce GTX 1660 Ti with Max-Q Design,,,15.41950225830078,process,0.2846153846153846,78.58119658119658,76.28119658119655,11.76245100885375,N,1.0,0.0
2026-07-08T13:34:36,opener-german_ler_coarse,22d05ccf-6d90-4322-9150-001e48163541,5b0fa12a-3dd7-45bb-9766-cc326314d9f1,113.30188899999484,0.0001067930165115,9.4255283344421e-07,2.9594125649763043,49.22975218441098,8.0,9.264144233887416e-05,0.001562791250232,0.0002502582817778,0.0019056909743486,0.0,France,FRA,,,,Windows-10-10.0.26200-SP0,3.10.0,3.2.6,16,AMD Ryzen 9 4900HS with Radeon Graphics,1,1 x NVIDIA GeForce GTX 1660 Ti with Max-Q Design,,,15.41950225830078,process,3.125,71.99107142857143,73.25,11.295032739639282,N,1.0,0.0
2026-07-08T13:37:43,opener-german_ler,c28a9ee5-334c-412b-87e8-36b2a09aacdd,5b0fa12a-3dd7-45bb-9766-cc326314d9f1,164.75001459999476,0.0001311638658072,7.961387203859664e-07,2.887165616307743,40.35162269843057,8.0,0.0001313070945516,0.001845439254128,0.0003638354926667,0.0023405818413463,0.0,France,FRA,,,,Windows-10-10.0.26200-SP0,3.10.0,3.2.6,16,AMD Ryzen 9 4900HS with Radeon Graphics,1,1 x NVIDIA GeForce GTX 1660 Ti with Max-Q Design,,,15.41950225830078,process,1.5432098765432098,75.65432098765432,72.91296296296296,11.24294290424865,N,1.0,0.0
2026-07-08T13:38:57,opener-zs-e_ner,d77df265-a527-478f-8b84-2460663360cd,5b0fa12a-3dd7-45bb-9766-cc326314d9f1,30.762308200006373,2.844549007555848e-05,9.246864666531292e-07,2.866900412163252,48.56686583794505,8.0,2.4396337407469072e-05,0.000415258109984,6.794722422220124e-05,0.0005076016716136,0.0,France,FRA,,,,Windows-10-10.0.26200-SP0,3.10.0,3.2.6,16,AMD Ryzen 9 4900HS with Radeon Graphics,1,1 x NVIDIA GeForce GTX 1660 Ti with Max-Q Design,,,15.41950225830078,process,5.0,60.43333333333333,75.98333333333333,11.716613388061525,N,1.0,0.0
2026-07-08T13:40:27,opener-zs-indian_legal,e6f27ad1-b3a3-4b70-8381-a6666e725036,5b0fa12a-3dd7-45bb-9766-cc326314d9f1,63.44050500000594,5.594142336150256e-05,8.81793475028254e-07,3.0781114748630105,45.40234706259336,8.0,5.3992251791594906e-05,0.0008041511988759,0.0001401153219997,0.0009982587726672,0.0,France,FRA,,,,Windows-10-10.0.26200-SP0,3.10.0,3.2.6,16,AMD Ryzen 9 4900HS with Radeon Graphics,1,1 x NVIDIA GeForce GTX 1660 Ti with Max-Q Design,,,15.41950225830078,process,0.0,87.19354838709677,73.75645161290323,11.373335561444682,N,1.0,0.0
2026-07-08T13:41:19,opener-zs-lener_br,65f7a3e9-34dd-4954-83de-35c541b307a1,5b0fa12a-3dd7-45bb-9766-cc326314d9f1,29.0820891999756,2.828724665164246e-05,9.726690010862836e-07,3.024409698387158,51.55186147980422,8.0,2.438483096293441e-05,0.0004161456106939,6.424742111082501e-05,0.0005047778627677,0.0,France,FRA,,,,Windows-10-10.0.26200-SP0,3.10.0,3.2.6,16,AMD Ryzen 9 4900HS with Radeon Graphics,1,1 x NVIDIA GeForce GTX 1660 Ti with Max-Q Design,,,15.41950225830078,process,0.0,79.21428571428571,71.44285714285714,11.016833577837264,N,1.0,0.0
2026-07-08T13:42:33,opener-zs-german_ler_coarse,76534bef-ec76-43b3-b7c7-0fd8c1eb0f04,5b0fa12a-3dd7-45bb-9766-cc326314d9f1,55.19034750002902,4.3696408437430846e-05,7.917400490621638e-07,2.897344639937003,40.338747159602406,8.0,4.4199550130043504e-05,0.000613573268636,0.0001219771488891,0.0007797499676552,0.0,France,FRA,,,,Windows-10-10.0.26200-SP0,3.10.0,3.2.6,16,AMD Ryzen 9 4900HS with Radeon Graphics,1,1 x NVIDIA GeForce GTX 1660 Ti with Max-Q Design,,,15.41950225830078,process,0.0,84.42592592592592,72.57777777777781,11.189710899635598,N,1.0,0.0
2026-07-08T13:43:27,opener-zs-german_ler,db52db59-8595-4c9f-baf9-cfa682dc3d85,5b0fa12a-3dd7-45bb-9766-cc326314d9f1,35.0995936000254,3.38024229494746e-05,9.630431433100736e-07,3.0767389348188825,50.67038986545506,8.0,2.9891867404940035e-05,0.000495754285492,7.754846066637482e-05,0.0006031946135633,0.0,France,FRA,,,,Windows-10-10.0.26200-SP0,3.10.0,3.2.6,16,AMD Ryzen 9 4900HS with Radeon Graphics,1,1 x NVIDIA GeForce GTX 1660 Ti with Max-Q Design,,,15.41950225830078,process,0.0,75.08823529411765,71.51176470588238,11.02606268490062,N,1.0,0.0
2026-07-08T13:48:55,opener-e2e-e_ner,514fb972-6380-43e7-921c-1e76ccd81fcd,5b0fa12a-3dd7-45bb-9766-cc326314d9f1,113.16200389998266,8.723652995104868e-05,7.708994799009745e-07,2.9168196649417,38.71895665973239,8.0,9.121348619523148e-05,0.001215434027902,0.0002500635255545,0.0015567110396518,0.0,France,FRA,,,,Windows-10-10.0.26200-SP0,3.10.0,3.2.6,16,AMD Ryzen 9 4900HS with Radeon Graphics,1,1 x NVIDIA GeForce GTX 1660 Ti with Max-Q Design,,,15.41950225830078,process,0.9009009009009008,78.97297297297297,72.94234234234227,11.248413051570855,N,1.0,0.0
2026-07-08T13:56:57,opener-e2e-indian_legal,503defeb-ceed-48f2-9555-a6b1731fa8e5,5b0fa12a-3dd7-45bb-9766-cc326314d9f1,227.8800392000121,0.0001691601319933,7.42320971100591e-07,3.0421737029551013,36.83237465915052,8.0,0.000191491040493,0.002323672136714,0.0005034512162224,0.0030186143934294,0.0,France,FRA,,,,Windows-10-10.0.26200-SP0,3.10.0,3.2.6,16,AMD Ryzen 9 4900HS with Radeon Graphics,1,1 x NVIDIA GeForce GTX 1660 Ti with Max-Q Design,,,15.41950225830078,process,1.345291479820628,91.43946188340809,79.3300448430494,12.233201082511869,N,1.0,0.0
2026-07-08T14:05:52,opener-e2e-lener_br,ed35b500-22ca-4c27-80e2-8f5ddca9ee99,5b0fa12a-3dd7-45bb-9766-cc326314d9f1,122.61525339999936,6.950442790097831e-05,5.668497676568737e-07,2.8758717618474203,25.631775396724144,8.0,9.73654734752237e-05,0.0008720537531979,0.000270867500445,0.0012402867271182,0.0,France,FRA,,,,Windows-10-10.0.26200-SP0,3.10.0,3.2.6,16,AMD Ryzen 9 4900HS with Radeon Graphics,1,1 x NVIDIA GeForce GTX 1660 Ti with Max-Q Design,,,15.41950225830078,process,2.708333333333333,92.225,70.19999999999992,10.825579643249512,N,1.0,0.0
2026-07-08T14:12:53,opener-e2e-german_ler_coarse,85f7bfd0-3b0c-44f6-8134-57133847906e,5b0fa12a-3dd7-45bb-9766-cc326314d9f1,130.2532930999878,7.457611239192597e-05,5.725468478918094e-07,2.870987111081902,26.008085603380305,8.0,0.0001032826285469,0.00093987158523,0.0002876352791106,0.0013307894928875,0.0,France,FRA,,,,Windows-10-10.0.26200-SP0,3.10.0,3.2.6,16,AMD Ryzen 9 4900HS with Radeon Graphics,1,1 x NVIDIA GeForce GTX 1660 Ti with Max-Q Design,,,15.41950225830078,process,2.82421875,91.484375,70.2507812499999,10.832790702581406,N,1.0,0.0
2026-07-08T14:17:00,opener-zs-fusion-e_ner,457e5e90-89d3-4e1c-8c61-251a7892f4b6,5b0fa12a-3dd7-45bb-9766-cc326314d9f1,223.6078617000021,0.0001273900039264,5.69702706148081e-07,2.9258120372129657,25.76117641110322,8.0,0.0001807864978665,0.001598355167572,0.0004940966851115,0.00227323835055,0.0,France,FRA,,,,Windows-10-10.0.26200-SP0,3.10.0,3.2.6,16,AMD Ryzen 9 4900HS with Radeon Graphics,1,1 x NVIDIA GeForce GTX 1660 Ti with Max-Q Design,,,15.41950225830078,process,1.087037037037037,91.12962962962963,68.2444444444445,10.522300808518022,N,1.0,0.0
2026-07-08T14:23:36,opener-zs-fusion-indian_legal,85e3100d-2a85-4d65-9fe1-07f0b7401f8b,5b0fa12a-3dd7-45bb-9766-cc326314d9f1,371.2782765000011,0.0002127028568001,5.72893353215424e-07,2.9134434739445654,25.943971699578096,8.0,0.0002983572573789,0.0026771751972939,0.0008200894657775,0.0037956219204505,0.0,France,FRA,,,,Windows-10-10.0.26200-SP0,3.10.0,3.2.6,16,AMD Ryzen 9 4900HS with Radeon Graphics,1,1 x NVIDIA GeForce GTX 1660 Ti with Max-Q Design,,,15.41950225830078,process,1.5758522727272728,93.8096590909091,67.56477272727246,10.41875462098555,N,1.0,0.0
2026-07-08T14:28:39,opener-zs-fusion-lener_br,d17a49c0-937f-41f2-a255-412b297b5598,5b0fa12a-3dd7-45bb-9766-cc326314d9f1,271.90538489999017,0.000155471711334,5.717860695962397e-07,3.0188772021074786,25.845001347091014,8.0,0.0002265389626461,0.0019481151696019,0.0005996942917782,0.0027743484240264,0.0,France,FRA,,,,Windows-10-10.0.26200-SP0,3.10.0,3.2.6,16,AMD Ryzen 9 4900HS with Radeon Graphics,1,1 x NVIDIA GeForce GTX 1660 Ti with Max-Q Design,,,15.41950225830078,process,1.505791505791506,93.64864864864865,68.47683397683396,10.55890754198936,N,1.0,0.0
2026-07-08T14:33:27,opener-zs-fusion-german_ler_coarse,f605df60-b4ee-4373-9d94-54a00858813d,5b0fa12a-3dd7-45bb-9766-cc326314d9f1,257.9698686999618,0.000147196232632,5.705946720595047e-07,2.9547494371653884,25.823654852741274,8.0,0.0002105233989603,0.00184692647754,0.0005692249862218,0.0026266748627221,0.0,France,FRA,,,,Windows-10-10.0.26200-SP0,3.10.0,3.2.6,16,AMD Ryzen 9 4900HS with Radeon Graphics,1,1 x NVIDIA GeForce GTX 1660 Ti with Max-Q Design,,,15.41950225830078,process,1.2196721311475411,92.16803278688523,67.24262295081967,10.368493299015231,N,1.0,0.0
2026-07-08T14:35:17,opener-e_ner,523f8d25-72a4-45a1-84c2-25d970fb6cf4,5b0fa12a-3dd7-45bb-9766-cc326314d9f1,89.84053790004691,8.895911836810011e-05,9.901890666223812e-07,2.948972208594018,52.488298236326905,8.0,7.319225535835835e-05,0.001315748830376,0.0001985090537774,0.0015874501395117,0.0,France,FRA,,,,Windows-10-10.0.26200-SP0,3.10.0,3.2.6,16,AMD Ryzen 9 4900HS with Radeon Graphics,1,1 x NVIDIA GeForce GTX 1660 Ti with Max-Q Design,,,15.41950225830078,process,3.3707865168539324,61.7752808988764,62.06853932584269,9.570438084977395,N,1.0,0.0
2026-07-08T14:37:53,opener-indian_legal,b5025c28-9d2b-4402-b26f-50b86675e41a,5b0fa12a-3dd7-45bb-9766-cc326314d9f1,136.11949490004918,0.0001279952206906,9.403151310888646e-07,3.004890842055332,49.389756359270336,8.0,0.0001128785659332,0.0018707181632399,0.0003004415422214,0.0022840382713947,0.0,France,FRA,,,,Windows-10-10.0.26200-SP0,3.10.0,3.2.6,16,AMD Ryzen 9 4900HS with Radeon Graphics,1,1 x NVIDIA GeForce GTX 1660 Ti with Max-Q Design,,,15.41950225830078,process,4.998507462686566,65.17910447761194,66.18208955223884,10.205271308101825,N,1.0,0.0
2026-07-08T14:40:29,opener-lener_br,e4eaf38b-8874-443b-80d0-460412ab668b,5b0fa12a-3dd7-45bb-9766-cc326314d9f1,134.33903879998252,0.0001253427629491,9.330330488350014e-07,3.062603059749465,48.94680171959229,8.0,0.0001135339570967,0.001826638405754,0.0002965335553332,0.0022367059181839,0.0,France,FRA,,,,Windows-10-10.0.26200-SP0,3.10.0,3.2.6,16,AMD Ryzen 9 4900HS with Radeon Graphics,1,1 x NVIDIA GeForce GTX 1660 Ti with Max-Q Design,,,15.41950225830078,process,3.445864661654136,69.42857142857143,62.84812030075193,9.690268408983274,N,1.0,0.0
2026-07-08T14:42:41,opener-german_ler_coarse,4ded22e2-9fd3-4121-b38e-af71c291e2dc,5b0fa12a-3dd7-45bb-9766-cc326314d9f1,112.45148440002232,0.0001051210651886,9.348126060715832e-07,2.908614496485793,49.23264883713221,8.0,9.033070580277724e-05,0.00153707345188,0.0002484513213336,0.0018758554790164,0.0,France,FRA,,,,Windows-10-10.0.26200-SP0,3.10.0,3.2.6,16,AMD Ryzen 9 4900HS with Radeon Graphics,1,1 x NVIDIA GeForce GTX 1660 Ti with Max-Q Design,,,15.41950225830078,process,3.033333333333333,73.74774774774775,62.163963963964,9.585496610349365,N,1.0,0.0
2026-07-08T14:45:03,opener-german_ler,982f9bc1-c75b-4a34-84e9-22ce9e820cee,5b0fa12a-3dd7-45bb-9766-cc326314d9f1,122.48624549998203,0.0001111644309307,9.07566645356825e-07,2.9746840103007792,47.424943656188425,8.0,0.0001005607323378,0.00161271517906,0.0002704217086662,0.001983697620064,0.0,France,FRA,,,,Windows-10-10.0.26200-SP0,3.10.0,3.2.6,16,AMD Ryzen 9 4900HS with Radeon Graphics,1,1 x NVIDIA GeForce GTX 1660 Ti with Max-Q Design,,,15.41950225830078,process,2.066115702479338,64.2892561983471,61.41983471074378,9.47062556999774,N,1.0,0.0
2026-07-08T14:45:52,opener-zs-e_ner,7c1be485-e2b5-4ed8-9b68-4bbec0a58d1e,5b0fa12a-3dd7-45bb-9766-cc326314d9f1,27.05853550002212,2.697108559748913e-05,9.967681213740148e-07,2.9664414555470886,53.042894759735056,8.0,2.223106184972796e-05,0.0003992644860779,5.979579555608022e-05,0.0004812913434838,0.0,France,FRA,,,,Windows-10-10.0.26200-SP0,3.10.0,3.2.6,16,AMD Ryzen 9 4900HS with Radeon Graphics,1,1 x NVIDIA GeForce GTX 1660 Ti with Max-Q Design,,,15.41950225830078,process,0.0,63.46153846153846,62.36153846153847,9.615219996525692,N,1.0,0.0
2026-07-08T14:47:03,opener-zs-indian_legal,4ac5b95b-4eca-4237-81d0-eba35a747f17,5b0fa12a-3dd7-45bb-9766-cc326314d9f1,50.27512820000993,4.916457759525572e-05,9.779105365910535e-07,3.1286511248609914,51.84582578910578,8.0,4.3390692606514265e-05,0.000722962800592,0.0001109743962223,0.0008773278894208,0.0,France,FRA,,,,Windows-10-10.0.26200-SP0,3.10.0,3.2.6,16,AMD Ryzen 9 4900HS with Radeon Graphics,1,1 x NVIDIA GeForce GTX 1660 Ti with Max-Q Design,,,15.41950225830078,process,2.0408163265306123,78.91836734693878,63.481632653061205,9.78967254015864,N,1.0,0.0
2026-07-08T14:47:52,opener-zs-lener_br,5468aa19-d88b-437f-bd63-d2d5f3f907e5,5b0fa12a-3dd7-45bb-9766-cc326314d9f1,29.145563199999746,2.9004998233791795e-05,9.951771401621792e-07,3.048438791381947,52.98015066237477,8.0,2.453224176599932e-05,0.000428707842966,6.434585066641578e-05,0.0005175859353984,0.0,France,FRA,,,,Windows-10-10.0.26200-SP0,3.10.0,3.2.6,16,AMD Ryzen 9 4900HS with Radeon Graphics,1,1 x NVIDIA GeForce GTX 1660 Ti with Max-Q Design,,,15.41950225830078,process,6.428571428571429,73.46428571428571,61.60000000000002,9.497051783970424,N,1.0,0.0
2026-07-08T14:48:47,opener-zs-german_ler_coarse,0e805a66-5fca-4e3d-a88a-9734a33d8e14,5b0fa12a-3dd7-45bb-9766-cc326314d9f1,35.1879925999674,3.4812153493515287e-05,9.89319109199413e-07,2.9576320062661803,52.62179924676445,8.0,2.877431253468059e-05,0.0005147143006599,7.7724354444201e-05,0.0006212129676388,0.0,France,FRA,,,,Windows-10-10.0.26200-SP0,3.10.0,3.2.6,16,AMD Ryzen 9 4900HS with Radeon Graphics,1,1 x NVIDIA GeForce GTX 1660 Ti with Max-Q Design,,,15.41950225830078,process,2.3529411764705883,67.91176470588235,62.04705882352943,9.567177492029527,N,1.0,0.0
2026-07-08T14:49:42,opener-zs-german_ler,dee885cd-eed9-40c6-8fd5-f2d463fb39cb,5b0fa12a-3dd7-45bb-9766-cc326314d9f1,34.00604770000791,3.387621782666334e-05,9.961821534072442e-07,3.0418047301695776,53.09130138581756,8.0,2.85681519067186e-05,0.000500843178452,7.510013177771017e-05,0.0006045114621364,0.0,France,FRA,,,,Windows-10-10.0.26200-SP0,3.10.0,3.2.6,16,AMD Ryzen 9 4900HS with Radeon Graphics,1,1 x NVIDIA GeForce GTX 1660 Ti with Max-Q Design,,,15.41950225830078,process,0.0,71.03030303030303,61.50000000000001,9.482362458200166,N,1.0,0.0
2026-07-08T14:54:24,opener-e2e-e_ner,028011b6-6c43-45bf-a185-e748ad46fbf4,5b0fa12a-3dd7-45bb-9766-cc326314d9f1,84.4184430000023,7.61714067433455e-05,9.023076479075007e-07,2.810610809618142,46.190406784624265,8.0,6.604106485886071e-05,0.001106912552196,0.0001863034493336,0.0013592570663885,0.0,France,FRA,,,,Windows-10-10.0.26200-SP0,3.10.0,3.2.6,16,AMD Ryzen 9 4900HS with Radeon Graphics,1,1 x NVIDIA GeForce GTX 1660 Ti with Max-Q Design,,,15.41950225830078,process,1.2048192771084338,55.55421686746988,63.78795180722896,9.835635035871023,N,1.0,0.0
2026-07-08T15:00:14,opener-e2e-indian_legal,b9412ff8-4e94-4083-9160-7efb591c7167,5b0fa12a-3dd7-45bb-9766-cc326314d9f1,130.8970774000045,0.0001224179733475,9.352231217008996e-07,2.979166753469757,49.03757329774805,8.0,0.0001075632489155,0.0017880525415519,0.0002888980900006,0.0021845138804681,0.0,France,FRA,,,,Windows-10-10.0.26200-SP0,3.10.0,3.2.6,16,AMD Ryzen 9 4900HS with Radeon Graphics,1,1 x NVIDIA GeForce GTX 1660 Ti with Max-Q Design,,,15.41950225830078,process,3.3589147286821706,73.72093023255815,64.89147286821701,10.00609579751658,N,1.0,0.0
2026-07-08T15:04:21,opener-e2e-lener_br,16d47b71-86bb-4a68-b20f-1e3e8188a327,5b0fa12a-3dd7-45bb-9766-cc326314d9f1,58.199275099963415,5.819955633872936e-05,1.0000048323413902e-06,2.891050299509445,53.48694407259127,8.0,4.645023828982099e-05,0.000863603190882,0.0001285010835555,0.0010385545127273,0.0,France,FRA,,,,Windows-10-10.0.26200-SP0,3.10.0,3.2.6,16,AMD Ryzen 9 4900HS with Radeon Graphics,1,1 x NVIDIA GeForce GTX 1660 Ti with Max-Q Design,,,15.41950225830078,process,0.0,63.578947368421055,64.90350877192984,10.00859116671378,N,1.0,0.0
2026-07-08T15:08:51,opener-e2e-german_ler_coarse,0874f08c-522d-4502-926f-3186cffc62d1,5b0fa12a-3dd7-45bb-9766-cc326314d9f1,82.48287589999381,7.661199231935826e-05,9.288230009371436e-07,2.844547573664007,48.61128970819924,8.0,6.505336949261018e-05,0.00111993700706,0.0001821288139996,0.0013671191905522,0.0,France,FRA,,,,Windows-10-10.0.26200-SP0,3.10.0,3.2.6,16,AMD Ryzen 9 4900HS with Radeon Graphics,1,1 x NVIDIA GeForce GTX 1660 Ti with Max-Q Design,,,15.41950225830078,process,2.1604938271604937,57.23456790123457,64.4283950617284,9.935141245524088,N,1.0,0.0
2026-07-08T15:11:15,opener-zs-fusion-e_ner,a577ab23-ecd1-4303-9873-c32c3fb5e453,5b0fa12a-3dd7-45bb-9766-cc326314d9f1,112.32685469998978,0.0001069423210338,9.520637012357838e-07,2.830852128871261,50.46716960539563,8.0,8.780947779279292e-05,0.0015723948690259,0.0002481509242218,0.0019083552710406,0.0,France,FRA,,,,Windows-10-10.0.26200-SP0,3.10.0,3.2.6,16,AMD Ryzen 9 4900HS with Radeon Graphics,1,1 x NVIDIA GeForce GTX 1660 Ti with Max-Q Design,,,15.41950225830078,process,0.3027272727272727,71.93636363636364,64.6690909090909,9.971135850386188,N,1.0,0.0
2026-07-08T15:14:48,opener-zs-fusion-indian_legal,011b0fb5-3206-4e0c-a43c-3904ef641a38,5b0fa12a-3dd7-45bb-9766-cc326314d9f1,181.18951009999728,0.0001731916786658,9.558593020656874e-07,2.975339884138009,50.55512947480916,8.0,0.0001488561722247,0.00254162564441,0.0004000743793324,0.0030905561959672,0.0,France,FRA,,,,Windows-10-10.0.26200-SP0,3.10.0,3.2.6,16,AMD Ryzen 9 4900HS with Radeon Graphics,1,1 x NVIDIA GeForce GTX 1660 Ti with Max-Q Design,,,15.41950225830078,process,1.2174157303370785,79.5,64.5410112359551,9.9512821154648,N,1.0,0.0
2026-07-08T15:17:33,opener-zs-fusion-lener_br,1c64e744-3381-493c-a076-2c37158a9dfb,5b0fa12a-3dd7-45bb-9766-cc326314d9f1,131.50787729996955,0.0001250447224086,9.508534771908238e-07,2.9118142282670485,50.28564578761833,8.0,0.000105613407983,0.001835627579612,0.0002901464820003,0.0022313874695954,0.0,France,FRA,,,,Windows-10-10.0.26200-SP0,3.10.0,3.2.6,16,AMD Ryzen 9 4900HS with Radeon Graphics,1,1 x NVIDIA GeForce GTX 1660 Ti with Max-Q Design,,,15.41950225830078,process,2.5379844961240314,77.24031007751938,63.215503875969,9.746603086013202,N,1.0,0.0
2026-07-08T15:20:20,opener-zs-fusion-german_ler_coarse,0e7f4938-c7c1-41d7-931f-d34bf0fa365e,5b0fa12a-3dd7-45bb-9766-cc326314d9f1,134.29202759999316,0.00012661337865633825,9.428212598999041e-07,2.8155693642261803,49.92389310101318,8.0,0.00010426607939903785,0.0018590123205419998,0.00029610129377830567,0.0022593796937193425,0.0,France,FRA,,,,Windows-10-10.0.26200-SP0,3.10.0,3.2.6,16,AMD Ryzen 9 4900HS with Radeon Graphics,1,1 x NVIDIA GeForce GTX 1660 Ti with Max-Q Design,,,15.419502258300781,process,1.5151515151515151,68.74242424242425,62.716666666666725,9.669770529775908,N,1.0,0.0
